1001,com.futbin
1020,wp.wattpad
1030,tv.online53
1048,com.nzn.tdg
1051,co.giftloop
1053,com.jam.endo
1056,kr.co.psynet
1123,com.fugo.wow
1209,com.thechive
1223,flipboard.app
1232,cm.aptoide.pt
1240,com.antivirus
1249,messenger.sms
1259,apps.daegubus
1268,bubbles.master
1289,com.dictionary
1297,com.jaumo.pink
1305,io.voodoo.dune
1306,com.s.antivirus
1314,com.cmcm.locker
1315,com.btows.photo
1320,sgb.tic.tac.toe
1333,com.scalc.scalc
1334,com.jaumo.prime
1339,com.mindy.grap1
1340,com.dre.weather
1349,com.imgur.mobile
1371,com.omni.cleaner
1377,com.supervank.sv
1402,com.bear.applock
1407,com.zynga.boggle
1411,de.kamibox.bacon
1419,com.fanatee.cody
1439,sk.phx.terrarium
1442,io.voodoo.paper2
1444,com.badoo.mobile
1453,com.whatsweb.app
1496,droom.sleepIfUCan
1498,net.lovoo.android
150,com.radio.fmradio
1501,net.zedge.android
1509,com.waplog.social
1512,com.ucmobile.intl
152,com.ketchapp.rush
1543,com.gretech.gomtv
1547,cyd.lunarcalendar
1548,com.itube.samsung
1552,com.cam001.selfie
1557,com.hornet.android
158,com.gamebasics.osm
1587,com.glu.deerhunt16
1603,com.sega.sonicdash
1615,shooter.two.purple
1616,bot.bubble.shooter
1628,com.xprodev.cutcam
1633,com.picsart.studio
1681,com.ketchapp.mrgun
1689,com.dianxinos.dxbs
1695,com.qihoo.security
1706,com.ketchapp.rider
1711,crab.mp3.converter
1718,devian.tubemate.v3
1720,net.alexplay.miner
1721,com.secg.robocraft
1732,com.secg.dinocraft
1744,com.gpg.emojicraft
1753,com.custom.spillit
1755,com.music.bgplayer
1768,deezer.android.app
1772,com.dota2.easypick
1777,com.mmm.trebelmusic
1780,com.vmons.app.alarm
1786,com.msi.eluniversal
1789,internet.speed.test
1792,com.utorrent.client
1799,app.follow.unfollow
1808,com.jogatina.tranca
1828,com.hefe.pro.editor
1829,com.ushareit.lockit
1830,com.keyboard.nimble
1838,com.xime.latin.lite
1840,com.wafour.wapiceng
1849,com.ketchapp.penrun
1850,coloring.book.color
1852,com.scn.sudokuchamp
1853,com.metae.ShiftMan2
1857,com.gpower.pixelart
1875,com.tunesmusic.free
1876,com.bdj.vortexDroid
1879,com.random.chat.app
1880,com.apalon.optimizer
1881,original.alarm.clock
1884,com.superopt.cleaner
1892,com.domobile.applock
1893,com.ea.game.pvz2_row
1902,com.appcraft.unicorn
1930,com.sweetfuirt.candy
1934,com.sandwich.applock
1939,br.com.mobile.ticket
1940,au.com.stklab.minehd
1947,com.jiubang.go.music
1953,com.quvideo.xiaoying
1961,com.callapp.contacts
1962,com.rsupport.mvagent
1973,com.gramgames.tenten
1978,com.goodoc.community
1986,it.rortos.realflight
1995,com.appstech.classic
1997,com.ludashi.dualspace
2004,com.ksmobile.launcher
2005,com.sony.nfx.app.sfrc
2008,com.opera.mini.native
2011,com.intsig.camscanner
2027,com.h8games.helixjump
2034,com.mobirix.throwball
2036,com.roidapp.photogrid
2037,bubbleshooter.two.pop
2039,com.solitaire.kingdom
2044,com.bigduckgames.flow
2045,com.sofascore.results
2052,com.ketchapp.knifehit
2060,com.link.messages.sms
2066,com.lbe.parallel.intl
2067,com.playgendary.tanks
2070,com.ketchapp.dunkshot
2072,com.gfgame.blockmania
2078,com.devexpert.weather
2079,com.steam.photoeditor
2084,com.gau.go.launcherex
2086,ca.autotrader.userapp
2090,com.imangi.templerun2
2095,com.apusapps.launcher
2100,com.grindrapp.android
2103,com.initechapps.growlr
2105,com.soodexlabs.sudoku2
2110,com.mobirix.swipebrick
2111,com.rahul.videoderbeta
2116,com.cleanmaster.mguard
2117,com.powertools.privacy
2118,com.outfit7.talkingben
2132,com.promessage.message
2133,com.edujoy.masha.games
2135,com.easyx.coolermaster
2136,modpixelmon.modpecraft
2139,com.apalon.myclockfree
2153,com.gmail.bulupe.Scale
2154,com.secg.jurassiccraft
2157,pro.burgerz.miweather8
2160,com.miniclip.plagueinc
2161,com.novagecko.memedroid
2164,com.mobirix.swipebrick2
2166,com.celltick.lockscreen
2175,com.saygames.streetdunk
2176,com.pacybits.fut19draft
2180,com.jewels.gems.android
2181,com.narvii.amino.master
2185,com.jewelslidey.hwwgame
2188,org.qtproject.hexsudoku
2189,com.miniclip.bowmasters
2191,com.wifi.doctor.protect
2192,com.lionmobi.powerclean
2195,home.solo.launcher.free
2198,com.lenovo.anyshare.gps
2201,com.cootek.smartinputv5
2220,com.ketchapp.flippyrace
2224,com.accuweather.android
2227,com.latininput.keyboard
2231,com.momb.candy.star.supp
2232,com.milkystan.flashlight
2237,org.mastication.freebase
2241,com.karmangames.freecell
2242,com.ketchapp.fruitmaster
2243,com.cleanmaster.security
2247,com.rsupport.mobizen.sec
2253,com.busyneeds.memberplay
2254,com.olzhas.manualparking
2255,com.indigokids.mimdoctor
2260,com.puzzlegame.puzzledom
2261,com.mobiu.poseidon.hermes
2263,com.speech.text.translate
2264,com.smarttechapps.newyear
2268,com.hg.cloudsandsheepfree
2269,com.mandrasoft.mangasuite
2270,com.outfit7.mytalkinghank
2272,de.wetteronline.wetterapp
2273,mahjong.puzzles.solitaire
2274,com.outfit7.mytalkingtom2
2285,com.ketchapp.policerunner
2287,com.moonactive.coinmaster
2290,uk.co.aifactory.chessfree
2298,com.game.solitaireclassics
2307,panda.keyboard.emoji.theme
2311,paolo4c.amazfit.watchfaces
2312,com.narvii.amino.x69407815
2316,net.mobigame.zombietsunami
2320,cyberware.imagenscomfrases
2322,com.kitkatandroid.keyboard
241,com.wzdworks.themekeyboard
248,com.funple.app.zzal.reward
26,com.carter.elena.anisearch
271,de.smuttlewerk.fleetbattle
324,com.aitype.android.lang.ar
337,com.geishatokyo.snowballio
442,com.buildota2.android.lite
475,de.lotum.whatsinthefoto.us
515,com.gadgetcrafts.enigmabox
517,com.launcher.smart.android
572,com.mobilityware.solitaire
616,com.oneapp.max.security.pro
682,com.hyperkani.bomberfriends
690,com.wallpaper.live.launcher
704,call.recorder.automatic.acr
706,com.cjin.pokegenie.standard
715,com.outfit7.talkingtom2free
717,com.enflick.android.TextNow
722,com.superbox.aos.spookizpop
797,com.MonsterPlanet.WordTower
849,com.WallpaperApp.Wallpapers
855,com.iscoolentertainment.snc
869,com.emoji.keyboard.touchpal
908,com.etermax.preguntados.lite
99,selfie.photo.apps.bodyeditor
